0cccd269-8b3b-4ff6-a288-4566e6725d2a,Jaiden,Farmer
f91fc7ce-0db7-4c2c-8e49-3f3b7a565f17,Natalya,Russo
27a45c63-30c3-483c-8a4e-9369b29d08dc,Krista,Hanson
b92c0513-abdc-4a2d-8bf9-fa0774055feb,Kara,Kline
4144f46d-f389-4f1c-9aa3-5c40b5814e98,Arnav,Macdonald
4e35f137-d9a3-4f64-a8e2-da174f13c651,Taniyah,Hull
610345fa-48c2-4e4a-a298-72d4fa73264f,Xavier,Evans
29a38aec-30e6-4dc1-81aa-be1186d4506c,Jamison,Mcneil
5c82e31e-9a07-430a-a044-5b883d916464,Emilie,Jones
4fd8dcd8-5f65-4a12-aeb1-9c60468eeb98,Ty,Logan
d2bbb569-8d3a-46c7-8292-c8ec30393b72,Sadie,Morton
65d4699a-1eb6-4547-99d0-276fc306c58e,Elizabeth,Hubbard
1c882662-5893-41a1-b26a-1f06bf40161c,Emmanuel,Phelps
16aae6d8-af23-40fa-8f6c-2af475f7489b,Josiah,Baird
a91a5312-75a8-44f4-9a81-1b7f588cd3e5,Belen,Dorsey
fc6ad4c7-93f5-4b87-8dfe-49312878cf95,Dominick,Curry
d78045f3-62c0-476e-9131-c88b2e1d1c32,Konner,Cisneros
523a0e36-a9bf-41cc-a91e-7048a0097b79,Wilson,Gomez
acfd9b1b-9cc8-400a-9ac0-51580561b55c,Kasen,Elliott
82c90ace-9eb7-4c9f-8406-de1506b4f70f,Dominick,Lynn
a8332730-1d6e-4688-ab7b-d619919f4615,Livia,Summers
ee5b4ff3-0e07-4a28-be31-8c6ab75269da,Dax,Sherman
0548e0e9-0ec7-47b3-8723-d9fd8a0918a0,Andres,Hart
7319550e-daee-4e56-97e7-4593faf23305,Noe,Cook
e127c4cc-6c58-4d0a-b331-28a97c127bba,Kasen,Mckay
1d7899b9-94af-4e7b-94a4-e6f877643cb9,Charity,Peck
7dc3d394-4d32-4db7-93e2-0e381e022809,Mateo,Marshall
68089625-6a91-4164-b793-ec28560ea8c5,Rashad,Carrillo
9bd41e95-b5de-4f93-a486-44c04a865a3a,Dallas,Meadows
875e8f95-9218-4a0f-8250-599968cdd53d,Armani,Ibarra
29ac8854-1883-47d5-a812-9ea78d30ed32,Ashton,Raymond
eac3620a-4b16-4c05-8a92-5bb127a93140,Dax,Lutz
0e257e5a-1c37-46fe-b940-ecffd9fdc551,Jarrett,Kim
1e0a2328-0d8c-44c6-a4e0-402a0ac10a41,Emanuel,Williams
2471db0a-2e81-48a5-ba1d-b20c067b5417,Mila,French
8f363cca-d0ec-4b8d-8143-4a86e004ce55,Kayley,Melendez
7b7ea6bb-60a6-49ea-b54a-f5026b060eb1,Griffin,Poole
06c8640e-6977-497b-8c07-8fc338c16e3c,Christine,Brown
58fd4bbd-4112-4b07-8724-4e9765699d5c,Zander,Webb
e0dadf32-24d9-4db6-be4e-7b01362a642b,Andres,Rivers
9509eba7-ef1c-4076-9983-8c6fb065ce70,Jackson,Mayer
533f0fdf-c7d3-42fe-b02b-d132c5f48c49,Angel,Levy
20e5478e-0f55-42fc-bb88-2e8c4f8ae6c6,Jabari,Walters
b7f18f58-fdf0-4d4f-8073-2a95c1bf7e5d,Isaac,Murphy
79add2c1-6e91-4467-8ec6-3188a56d942f,Cory,Farmer
5ca58928-1a95-4128-9e24-392f1d64347b,Travis,Haney
e03f7e1e-64fc-4ff4-8c5d-d9cd18a444fd,Johanna,Johnson
c197bebb-bf4c-49e3-9c76-582b4b520d05,Sophie,Swanson
3704c058-aa39-4a6c-a52c-51f79ed35b1a,Immanuel,Carney
6f211f22-0622-41e5-8cb2-84a05e449df1,Jeffrey,Parks
67d4f3b0-a171-47b5-9647-38dd48e9db68,Rene,Fields
5cb2ae6d-c839-4ce5-93d8-1df3df369e91,Braiden,Edwards
62c798bb-aad4-4f0e-9420-60e1c810576c,Summer,Lucero
fa8c1ea4-fd9b-44de-8871-eb36564ac9e2,Ashton,Whitney
41ca4f1e-ed7a-45e2-9f4b-600310694f79,Cory,Palmer
25218c14-9d69-405f-a643-3cbbc1b64acd,Niko,Yates
71e1af30-bc9c-4bf9-9f75-9fb912990dd1,Katelynn,Henson
2902734f-ea5a-49c4-a0be-3b111bc99af3,Mila,Stafford
83351dcb-4eb6-407d-8726-5d7ddee981be,Kody,Camacho
1f610dc1-51be-4dfc-b6f1-9054a2f787e3,Aylin,Koch
7dceba29-da4b-4645-996d-68c11a3863a5,Jeffrey,Armstrong
a213d09c-b957-4c6b-bfae-cf6a15013fa6,Yandel,Armstrong
eaab001a-2095-49f6-adcd-3c6b6ff5c6b8,Clarence,Clarke
962d13de-1369-44c0-825c-0a75d1a62a9c,Savion,Santos
5280d8f9-e13e-436a-8b31-68d8a2176733,Gaven,Lewis
a952306f-fc18-4bf5-a62d-bd8e36319fed,Roman,Figueroa
cc0b7ec1-2770-4ca8-b173-4089f797f4ff,Emmanuel,Wall
1d8ac182-a280-41b7-a5c8-e8ba0e55f9ad,Angelique,Castillo
0e493a05-98b6-4579-aca9-8c9403e1b3ca,Ayanna,Oconnell
74d0a43d-8d19-488c-a28d-8c4bc266f0d4,Matilda,Daugherty
90088fcc-aa02-44d7-8022-7b809a16475c,Sadie,Ward
e920250b-09c2-4e9d-a4ea-0a259b86987f,Derrick,Rich
f0ef1e1b-f50b-4d78-af68-3483c8731285,Cory,Villa
0f94eab3-156b-48b2-a918-ebd7d07ac425,Brooke,Clements
60dee6ca-2e78-47a9-8b64-81d1dc904aa2,Walter,Holmes
d03d847d-f2f5-47d8-b3c7-28365bd1be83,Aleah,Lawson
7e5886d7-21f6-491e-bac0-e345018ac73d,Howard,Brennan
89ac6eb2-373e-45cb-885b-b4197fea962a,Kelsey,Walter
cddae439-3bbf-4d27-a3f6-34755fd75c75,Noe,Gordon
91f5fdab-9d44-460e-b110-724f7c8cc96e,Kingston,Saunders
6b61d5bd-94c9-4c2f-8aa8-f93393cda0ed,Azul,Fitzpatrick
8236208b-7418-4f6c-8aae-35b1f5a43543,Jeremy,Hicks
7ebc3118-ea6d-450b-b7fd-ffcda34de88d,Sloane,Lester
ddd62665-fb96-4713-b90c-fe51a75844ad,Blaze,Crosby
0c65cab1-db80-4af0-806f-fc6fbd963677,Freddy,Page
8179d054-fb2c-4a15-ad47-c402007a9deb,Skyla,Crane
c2f15e76-e515-4910-a935-8dc0dff9e8d9,Belen,Guerra
297d7964-f90c-40c5-8937-46d09ae1f15d,Keegan,Clarke
8c741c60-97c7-4197-bda4-da3b58e17660,Nikolai,Huang
6d55c009-7789-47e1-9b60-157ef16fdf27,Alana,Dyer
46fc0947-efe7-45ab-bf30-341b8173f33d,Neil,Edwards
5a4d0b60-ef7f-4125-8891-6e039afa80ff,Deborah,Sandoval
59c81481-c319-4c9d-9e7d-453e721e0331,Ace,Lang
9d8ca925-99b9-4bb0-ad52-988779dc1876,George,Knight
e976eaa1-4c53-4494-aa06-4f1e3d7666bb,Akira,Oliver
84384ecb-8c78-4468-8722-0ed86124d3af,Barbara,Gallegos
dbbdc8c0-af91-40c8-962c-f76bda11e0d2,Derek,Wells
611f8166-160f-46fd-be19-b336017ba731,Nathan,Weiss
569adef2-586e-4b66-85c6-e624e4b096fe,Gary,Oneal
fabf30a0-ab76-4c23-a3f4-c0b78cb65cb1,Aidyn,Page
352ef99e-626f-4b13-90b3-5963acb4e125,Corey,Woodard
82e4b6a2-8a28-4b6f-a958-3b637c41c366,Kasey,Barnes
c33d679f-7377-44c2-9b2f-0019667535f1,Diana,Barnes
c90f12ba-e911-47da-a614-cb62801365a2,Barbara,Mcmillan
9253dd45-5a48-403f-a92f-918dbaf141de,Jeffrey,Hays
8a9e40a3-eead-4c86-99bf-86bc156ae213,Jamie,Holmes
5c37c983-047d-46a3-be90-6c72a8be4467,Gunnar,Hancock
39d40ed5-f428-4ac3-bb10-69647e2eea28,Mallory,Whitney
a4f66f85-4d3d-4956-88ce-82f8150ed413,Angelique,Sandoval
e7843b01-7881-4a7a-b604-0383a11ea240,Leonel,Barr
e26ad3c0-613c-45db-8757-5a6715673724,Marques,Sparks
de9f6b42-2abc-4d02-879d-d56378160c17,Arjun,Giles
9b1510ff-65de-4831-b375-d86d271bb763,Kinsley,Mclaughlin
46b43027-f7b6-4b04-a959-33d1e9521bdd,Xander,Macdonald
616c8068-b610-4836-859f-39fe20232b74,Kendall,Sellers
e50cd3a5-24ef-483f-a23f-3c6d95924fb2,Greyson,Simmons
cca159c2-09a3-41b8-a6d0-ac5d7cdafda7,Erin,Gates
7c39ac44-7aae-4eb2-adbb-5b81a6e1287b,Alana,Hancock
646e723a-ced9-4909-be91-a924c6301669,Kolten,Fuentes
85b78867-4d55-4781-997b-59c42987669a,Zander,Burns
d6375d7b-a91e-49f4-adda-a5bf18262b25,Manuel,York
c8e9340f-c8bf-4631-8c7c-34780555c884,Brian,Steele
eac71f2e-376b-4f04-a109-a20781bd65b0,Charlotte,Conrad
82e61885-241f-41b9-a63d-c9c43bc43103,Warren,Guerra
8e8b4cd8-4939-45fc-ac05-b717e5e251db,Raegan,Waters
deec5a95-1b72-41f4-8a37-b2926a6e2e78,Rene,Wiley
488062d7-748d-4be2-915e-5049e9f3a3b4,Hazel,Bryant
2060db55-90e6-4f8a-8dcc-02bfbc2b2176,Braylen,Mercer
5e0a92a4-a02d-40ee-a03e-d3d822333237,Kasey,Small
f27a6458-304e-4b18-ae59-5b69fc23ea6e,Faith,Watson
079b2924-b755-4fb9-8d2e-9c4203b080e0,Corey,Wallace
5827b316-4c5b-4468-868f-04fc9c3c8610,Aleah,Wolf
4ac1965a-0d6b-4641-9c4d-f4b91b8a93e3,Kayden,Patterson
a62e8004-82b6-4329-bafc-84d69f0dc0ac,Sheldon,Black
36a3fbf4-201d-4ead-b2ff-0d69a8892192,Autumn,Terry
9d91b2ca-8262-4bbf-ac85-90de012c236c,Malia,Lester
04d980fe-e3ea-4303-ba8b-92fd7b1fb9c9,Keagan,Henson
eaada102-9d6c-45a7-9245-1215e8309b2c,Fiona,York
8757f55e-96a0-4416-99b2-2f6baebf72e1,Efrain,Cantrell
e11c6a97-8a0c-40bf-8831-898e8d62537e,Alma,Arroyo
9fb3b716-bac6-4f05-8fad-17dcec2839c0,Kayley,Poole
2a12c60e-3a94-4390-b3aa-25845036a7da,Selah,Greene
af7ef62c-4d6b-42a3-a7c8-5ab52165d60e,Eliezer,Woodard
4e5658ef-7651-4646-ad40-aeb13bcc1f02,Sadie,Acevedo
da153957-77dc-4b86-8652-a54088e5a206,Mila,Patel
93f70710-61f2-4b95-8319-309118422b5e,Gracie,Hester
15555bb4-5724-48fe-9d2c-9ded887920d7,Xavier,Bautista
620896f3-f529-4e95-a399-ab31077577bd,Jerome,Walters
3d4f0c0a-8e58-443f-a005-2b3c0d135f2f,Hallie,Lawrence
ca02d0e9-042a-4ebe-a1be-cd8ff35979a8,Gaven,Howell
7af5ee2b-2830-45f1-9301-fe7693bc5f0f,Kara,West
e6b113f0-b17a-4222-a0c8-c4bafbf858ec,Jaden,Avila
b7e50819-9a53-4704-af1c-1cf2a7995da0,Braylen,Lopez
9e01eb02-6310-4628-b642-65e3bb09552f,Cohen,Mitchell
f6ea4474-94c2-4a2c-88fb-8e95dab8108d,Esmeralda,Carney
62b6a5be-9c33-4c3b-b834-7866d0076608,Cameron,Haney
203ad254-a885-4d79-82f5-050b10be702e,Elise,Knox
0db41262-fab8-46ac-af0a-ff0f59775515,Tyshawn,Baird
9beeb320-ac00-4a7d-9520-f47d80e5f64b,Katelynn,Perry
92f2cbc5-ed7a-4fda-8ebf-4c56299a8c42,Warren,Hancock
f5651f3f-93c6-4f60-9ff3-f204a8e300aa,Kayley,Buchanan
825a3445-825b-47ef-a08c-7b0cdddef287,Vance,Mercer
518f28c4-9813-4236-b669-cbf545f63947,King,Collins
cd1f30f6-ef61-47f6-81b3-ee237f7194b3,Gabriela,Drake
84037d4f-6fe8-4a7a-b520-eecc7b861764,Jaden,Baird
12a4f2ce-6b29-406f-836b-dfdd26fb759d,Olive,Powell
7e7844d2-1b34-446d-bb31-ad6ebc6caade,Mary,Dorsey
8a8c7257-8e91-4d09-b73b-f42ce5a1de2b,Konner,Green
f3818359-4770-4d0a-865d-e8b896a88750,Orion,Hays
bbe57975-4972-4522-9b94-74b9af3afc54,Mira,Khan
bee0b6dd-31c4-4cad-bd63-ebadcba0792b,Guadalupe,Donovan
106c2970-ec98-4f0f-9f36-bbbcf8754f31,Simeon,Lutz
2677b33b-9bf4-4780-b62b-7b37460f8a37,Milagros,Kane
e7d9e681-9a68-49f6-a8a3-1d63e53982e3,Dayami,Howe
f9f90304-d62a-4108-b17a-47d10ad90f4e,Leyla,Mclean
ee50c6ed-403c-413a-8317-368753fc789e,Azul,Gross
609c2c06-8ae6-4824-9763-d41d496fa9f4,Makena,Dillon
f24e7f34-4ac5-4424-8ab8-71917548e2fa,Esther,Short
0b1cfc26-3e3f-464e-93e2-b1bd44d98eec,Moses,Dominguez
ce438bf9-7f02-48ea-848c-df768be5a012,Aron,Snow
71320145-3509-4817-94f8-dda6610adde3,Virginia,Bonilla
2cbc7293-7043-46b6-a76b-ccdcf11e1e38,Marlene,Brown
2a43e0ab-c3aa-40fe-afa6-06644ae8e2a8,Kendall,Galvan
5e9dde37-6c01-4198-b527-b0f6c786df63,Jeffrey,Cook
41a1fcee-cae9-4be1-9c1f-ffa7a71522ff,Greyson,Joyce
7510e1df-ff8e-4360-a60f-8df616549f6b,Jaiden,Fry
79fc1027-6bd2-4588-aa25-ce3506403a80,Clare,Meyer
46f22768-3076-4470-ab7c-aaac5fdd27c7,Darwin,Pacheco
c04cb2c7-a7c7-4b0b-a280-95326f7aa863,Nasir,Smith
e580fc6d-bd74-442a-a02e-b89ee1aaf54c,Nasir,Mata
681c771f-e391-431b-8c01-f0954f6dba96,Malachi,Kane
a4dc3ec8-b926-470e-87b4-c07b945c8ebf,Maria,Rasmussen
15cf272c-3ce6-4537-adb7-fa565095013c,Trey,Pennington
a2b8ab02-06db-4241-8939-f8e02ab3feb0,Carolyn,Knight
3496b35b-51c6-4cdb-b475-ccb9b285a12b,Jaiden,Whitaker
3117450d-5a57-4454-9b1b-a3882183aead,Wilson,Mcneil
61b49ac0-e09e-440a-aa23-00cd32f7c207,Savannah,Gilbert
a91b6572-6b8f-4e19-950d-5a19bdfbec3c,Milagros,Marshall
0ecfa032-fd4d-480f-b2b3-a0be96563cb1,Jerome,Hahn
e133015f-f23e-4ba3-9ecb-f8a8d7dbf7e4,Keith,Bennett
26cb95b3-33ae-48f1-9a3f-16df830aad50,Makayla,Parks
fdacfd79-7088-4331-b860-ed12d58ccf82,Meadow,Hahn
ed917df3-a131-49a2-af15-c466f1664410,Barbara,Wheeler
6637d942-fa9f-4260-a21b-b45223f36f60,Guadalupe,Lindsey
f51504f6-e553-4d1d-8200-eafcc4efdfb6,Alexandra,Newman
ae8103b1-842d-49b8-a69c-f9645b3a2e53,Corbin,Acevedo
153731d1-4603-4684-bff1-2bf853e89252,Cristofer,Butler
0e2af508-cccc-40b4-8a72-c1418ff557a6,Raelynn,Dean
368dff4a-3f23-4c09-a61e-7cd3fd97399f,Kiana,Macdonald
6c790770-066f-44df-a809-bdc4ed880be1,Jamison,Farley
dd5cf837-6894-468d-803d-5e4d1c8ea5ea,Caiden,Henderson
0d72b14a-618f-4952-8387-595f5c9953c1,Brian,Sellers
fb08efe5-831f-465b-b1fb-3f47b0489272,Kara,Reese
1fcb1f4a-d83c-4db1-a3bd-064a6d0b4d4b,Collin,Bates
e1fc0d20-194e-4a75-8e0e-537a86e1f7fd,Sherlyn,Hooper
acbcf8a5-e126-4bf6-ad62-618680415a90,Dale,Rivers
7344a598-7314-4e86-8a5c-79b658cdcb1f,Freddy,Mason
b2f0a5a3-4d9d-422d-aa02-cdbd3e0bb455,Joslyn,Swanson
415989a4-a83b-4346-9479-e12ea3f93abc,Jamison,Rivas
96a7fdac-74a6-4b30-836e-c95f77567b06,Arthur,Hawkins
24b44563-4698-4a68-8fe6-b1d60dc17cfc,Karen,Prince
8f4dee50-1ddf-436e-ad3f-3883168e09dd,Porter,Strong
b4c6daf8-5fb3-4d85-8b62-364b6ec6b4dd,Tyler,Garza
504900e3-9122-4145-9d05-6839c420c818,Albert,Lucero
c3320be8-2a0a-4d97-8a1c-a21f9ed2304d,Carlos,Lowery
0ba3db61-bd3e-4aff-8bee-720955ffbf6d,Bella,Humphrey
dd79855a-4f9c-4568-a401-7bb19088013c,Talon,Murphy
b8a8f2e0-469f-4aad-ad13-702a199bfd23,Clarence,Sloan
1d3363d6-f8ee-4078-bc1a-faae2c7b7abf,Elisha,Castillo
231cd890-d73a-4b14-bcd2-dc64315dee50,Neil,Hale
d314771c-c40b-4ec9-80ef-20843e30b5b6,Arianna,Ellison
d8f4d2d8-6b7d-496b-b378-6d95f9e8f496,Jenna,Mcgrath
05a2e3e4-1b5e-4f1f-bffb-6800c5706868,Vance,Riley
5003403b-aab5-4aaa-a023-5189ed1ea560,Easton,Maddox
e2cf634b-f891-45eb-8976-a9c5828b18c9,Camron,Perry
609b230c-33ce-4d22-af07-f2b71135d878,Van,Yates
7839d72b-e490-4b78-830f-eba1f805eedd,Kingston,Moody
72709aa5-ee5d-4de4-8598-3c787bf0429c,Niko,Skinner
804d05b9-ff05-4be6-bbc9-c9faaea7da3b,Nikolai,Elliott
57ce9f10-5f3d-49b3-b3dd-32ac8f5c5bf8,Kayley,Buckley
b60dd0f6-ab77-4095-bb04-643905ae0d4e,Braylen,Simon
7469507c-1197-4e5b-8ac5-e90ff5f260ee,Brennen,Sutton
79cbbb6a-8c15-4cb9-ba6d-5cb16cb5076e,Mario,Schroeder
5b772f73-785b-4ed3-b00b-62eac9c8818a,Francisco,Warner
98dd9ab3-8a58-4ae3-88c7-112d4a04a058,Malia,Jones
9341a7c3-e486-46b5-86aa-42a900739ae7,Collin,Downs
6a2f9acb-909c-4aed-9a61-5219699a2aed,Dale,Saunders
b0596940-0f2a-48ac-814b-2a947a6bc750,Jerome,Cowan
c909c49a-2e8a-4797-8a54-fca88828cec7,Lucille,Bonilla
407553cf-ef6c-40d0-be3f-fbea492730a3,Autumn,Ferrell
c40b94f5-9ed6-45b4-9aca-7298ef0580fb,Jane,Beard
9b584e72-f35f-4ad2-a8a1-12fbd31618ab,Raul,Hurley
0be3477b-7baa-4200-8dca-0cb3f1623101,Jerome,Tanner
bc24a70c-c7fb-448c-bf17-38dc7c50a262,Jessie,Lambert
a71eb947-40f6-4f3b-8647-da63f36a814d,Ty,Lutz
364fbd36-bfb5-457a-b896-c8c9a2759773,Rafael,Solomon
49678127-0347-4acd-9dff-bd830b8d81a1,Tristian,Williams
aba0ea9c-9f5e-470b-bece-55a63b91ec09,Gracelyn,Wells
39a93a86-ef1f-4132-bd94-53240417c493,Kamari,Mcgrath
b11c5cc4-7f35-4193-a991-2ed2ee143a52,Andre,Greene
e71a3a1a-0de7-478a-bfd6-e94b2b1e4737,Dominick,Koch
2a49f7cc-306f-4496-9d24-38094b6636b5,Zaiden,Cummings
748469a4-356d-44e8-9930-e2340f6c1cb4,Simon,Lindsey
cd6f99ea-aef6-419f-a236-0e3e79f62a63,George,Duncan
cc62639e-ce03-4e2f-b553-0ff89ce6f35c,Amelie,Baxter
b98e8342-1747-4072-a2fd-d586ba011ca1,Cristofer,Black
60550049-d297-4de8-bbcd-7676f9f66f91,Belen,Sanchez
d9f4eafe-b0c1-4197-b26f-22b7c2c74d91,Cohen,Kaufman
328e0cd3-585c-43b9-820b-071976677e17,Joy,Bartlett
34bc1521-e9c1-48d4-b936-d2a471495855,Leyla,Oconnor
8756c357-2d9f-40b6-a706-a97973d357de,Braylen,Dickson
931b7024-6f94-44b7-9e0b-5ab967f757ac,Natalya,Henson
20e4ae30-a745-413e-8c46-55cb4229ebfa,Carolina,Burns
e3ee560a-8d0e-434a-9cfd-ca6987000a56,Warren,Patrick
f5e2fd84-0063-47a1-acc8-656e83c4e279,Lina,Solomon
30015efc-d0fa-42b8-a314-794f07718989,Clare,Jackson
c456ca18-7d27-4315-b106-3fb5b1db205d,Brendan,Mccoy
7524dcc5-1dc7-491a-9216-64aced165db0,Giana,Marshall
f48a9160-41b5-4b61-89ac-e24a049e618e,Cordell,Zhang
b96eae39-56d5-418d-bdec-60c2a934e484,Skye,Patel
bb93ad1a-a040-44c7-9d5c-0791e72c3d55,Elisha,Hale
bb0d7f64-75be-4b96-a7a5-16329062465c,Emilia,Ewing
d17b4a32-723e-4393-8d90-af78cec5ab86,Taylor,Huang
0053a587-e4c6-4293-b83c-62e803ddb6fa,Chloe,Andrews
25a77b1b-d491-4667-b8c0-568d01c43d6f,Elias,Wang
89a89918-6ee2-4a14-87ff-329d91e476ae,Reed,Hart
78ec7b8a-6de1-4207-9500-9d658cdde16d,Grant,Wheeler
f2460790-434a-4bb6-98c7-935bf07e805f,Mira,Brady
8f0c04a5-a47a-442e-9d75-c56b0bd9ff22,Elise,Mata
40104e84-fd44-49ca-b30e-8ed466e4a2b9,Mila,Mcgrath
bf2dcc17-8c22-4449-a4b2-9743c0c93e55,Virginia,Mcintyre
4d8414d1-f746-4e01-9524-0a66a123d8a6,Belen,Smith
7f2c13f3-70a7-4da0-9f6a-7e96cb2547ed,Kasen,Guzman
22c00045-c493-4074-b6e4-97b67ed2165f,Lamar,Hines
7b72aa0b-b522-4c0f-bcd0-c6b8de7531ca,Andy,Duncan
c19215bc-684c-41e8-880d-e814bc386f7e,Derek,Benton
23e1cfca-0f6c-4102-b911-6f12ffabbf3e,Lucille,Morse
3a5406f9-ad69-4c50-9f3a-749dee597ea4,Damaris,Henderson
48c72e04-5476-41ad-96bf-939a27f3cd85,Krista,Murray
57af24d8-3c3c-43ad-8e30-99c7c862010d,Porter,Eaton
2afc2a75-26fb-4296-95a0-5d7fdb2ef1e3,Reed,Bass
bf61e784-659a-49bc-b305-97a400f8ffee,Sadie,Bailey
a8fc0ba8-bf3e-4f66-8fe5-8482275b106a,Kailyn,Walton
5fe5352b-532f-4a5c-a676-229da5aa172e,Aliza,Drake
d45b286b-6069-41bc-a907-83ad5dc9a139,Kylie,Moody
33c9ab90-3e12-47f4-a20f-d6a76aedf8a2,Gustavo,Vang
d0cd54d7-2c14-4945-a9b8-e2da704c1f39,Clarence,Riley
eb9c20f3-647d-43f7-9e51-e6e38714be90,Macie,Hampton
9ee8c4fd-114f-4cbe-abe0-21c92d855bdc,Bernard,Singleton
43b8c0db-c6a1-4118-91d0-12fafe63a46b,Toby,Clay
99c2be7a-ecf3-49db-af04-d36aa639f677,Nathanael,Ortiz
611a8331-aa58-4e5b-bd52-b9ed8cd49096,Ayaan,Flowers
b8617b7e-a18c-4fa2-8383-c50c56a354ae,Lamar,Short
37259ab3-e78a-4bce-b23f-540a160260d8,Kara,Yates
804217a9-78a1-4c6b-9ca6-c500bf2e8ad2,Ariel,Wells
7888a0dd-0b1a-46e4-b54e-1d3be7d71830,Lyric,Vasquez
3154c7f2-fdea-4927-92e2-a4d59949c281,Justice,Jackson
da54c52b-96d0-4ad4-9132-fa67a11e4799,Travis,Kane
1bac2b06-1b32-4467-b102-84627bd332bd,Mayra,Giles
2dde4b9f-2e30-4262-aac9-5a9be532b855,Sadie,Moon
e64512bc-2988-4d35-8e9e-bb3b2f84d7de,Francisco,Garza
ac0fb813-bdf5-4e4a-99bf-0cc14aa0f490,Bernard,Campos
0ac65e1b-75b6-404c-a73e-938476ea0cf4,Gunnar,Frost
da56a187-0486-4f97-9c0b-f4c9992e323c,Ayaan,Lucero
882547ab-115c-43dd-a0c5-70f27de2fc18,Emilia,Donovan
081672b0-75be-49f1-9e39-10905d6919be,Meghan,Wheeler
89e45b30-7f1f-4c06-96db-5b934cfbb753,Jayden,Skinner
6ac08c3d-b606-40d1-a727-f868de282501,Tabitha,Rios
6c1e9cc5-d8c1-41ff-901b-487e835daead,Brennen,Park
831aec2b-b62c-45c7-931e-889122343fe8,Karlee,Rich
59a76076-c631-4afb-a53d-9283516b97e7,Arabella,Hicks
9eda2e58-9c45-4a42-a414-de64e996f93c,Misael,Gamble
7c22f026-ed60-44b8-87e0-adb2b477c5b9,Valeria,Raymond
524ec60e-4ed8-40ba-8d68-19d7f75697ad,Natalie,Oconnor
52ccf5c8-339f-4aad-bd25-4903f754ab3a,Eden,Clements
84c3b0ab-0496-4673-a6ce-3e2e18cb924e,Quinten,Newman
1b440650-4444-4f07-bbe8-beaf6fd5ae4d,Khalil,Edwards
30fbd96c-44c4-4abe-9a5d-cfb4c9c36270,Cade,Hampton
3aabf88d-db31-408c-94f2-af2ee35723a6,Helena,Blanchard
64d8a14e-afb1-4123-9e25-fbdd0e55714e,Santino,Johns
4ee44d0c-0de1-4867-a5c3-d2339ccf2a54,Aliza,Mullins
3a8c4233-23a1-491a-95f5-ca16caa885b6,Jazmin,Rivas
662be830-b423-49ae-912a-137e2564c83e,Avery,Wall
f9ec22e1-0bbe-48e6-9d3d-be08081b9ffd,Jamie,Farley
1acdc11d-4496-4a17-9fec-5c6d0fdf1909,Leyla,Page
7cba73cf-62b2-4592-b697-ee7feb0e4bb7,Jeffery,Escobar
f5bb38ed-0bfc-48f8-8a1b-a4fed23e4411,Charity,Myers
acfc45dd-b008-4199-887b-301e58fbc040,Dayami,Wong
ba953ff7-f18b-4ae4-a8da-b3530b2a7267,Demarion,Cobb
8a1ecfe5-ee96-4d4c-aeeb-2e8270be1b91,Victoria,Dillon
7ca6f1dd-0fd0-42cc-8c3e-33ce4f4fbaac,Alexandra,Hurst
95f0861f-e286-4873-9eba-a44e8fa689ec,Jada,Edwards
94e37ac5-7e4b-41d1-ae9c-66501a5ad917,Tristen,Glover
98fcee08-23fb-45b2-868e-85a6f6bdc748,Jenna,Bonilla
b1c9e4fd-dc95-440f-afb1-d133d396bd30,Fatima,Glenn
4afd5a55-1955-4657-bff8-f973b0385e28,Roy,Page
e2eed584-0733-4660-8dec-f409902d2e11,Albert,Harrington
67ff5f07-fd99-498d-be42-001e40b7b015,Roy,Collier
5a827196-7503-4427-87c6-f81d673cb40b,Brendan,Stevens
ad17d6eb-5b94-4488-8464-61f3639fcfb8,Sophie,Salinas
3cdd3bca-418a-4973-a2e2-b7695115d57b,Braden,Warner
d56d3008-8f00-400a-bf69-2894ecd89f13,Avery,Faulkner
30aa9f9a-01d9-494d-aec1-3305f1f8da11,Jarrett,Barry
f2ff3ddc-1cf4-4c4d-bea9-c12f1c0d9f4c,Maximus,Morse
924364cd-c2f1-4056-9277-4c3c9d9b1b43,Tristan,Eaton
32e499b6-3bc2-4d74-9f4b-b88a5c796819,Angela,Lang
18774fbc-87d6-4754-9797-bfa4c3c542b4,Roy,Robbins
01e8eb64-90a4-49c8-adcf-7ae292aa889a,Misael,Crosby
5e7d3fe9-0ff4-4693-96e2-059f256b131d,George,Mack
6c5a1656-315a-420b-8174-7a169cb86242,Zachary,Barker
c945ea4f-3b9a-4279-bb41-ba20d3338cdb,Avery,Mathews
7021dd42-f6a8-4f8e-9866-4676d5ac8aba,Joslyn,Velez
9c15cd1b-6f9f-41ab-aae2-d18978ae1fa2,Akira,Mathews
8fa347c8-8853-4aff-b6d3-813a9050a010,Ariella,Fitzpatrick
185273a5-1af4-4dd4-939b-f10651991d91,Jase,Olsen
2c2bf541-4de7-4b73-a02e-ef3775eb5a9b,Logan,Gross
37baf469-091a-4d32-b0c0-8cbcd825194a,Kody,Delgado
5d3bfe03-dcb6-4dc1-90a7-9fe82c6ce0bb,Nikolai,Prince
649f3912-c1d3-449d-9f67-c6630a39f187,Sherlyn,Woodard
eb21e659-cd70-44a9-b272-b5129a7dccaa,Dominick,Elliott
6242c6d3-ec6b-4e7c-9c9b-e18c86ed802e,Santino,Booth
127f3fc3-c1be-450d-b1d9-4643b84b4570,Haylee,Huang
21edac29-d466-4c97-ae08-a809459f26b5,Tristen,Contreras
88bf48da-ae4d-48be-a16b-de8b37f671e7,Julian,Wall
d9ff7a94-fe8f-4615-865d-6ebc0cd3a582,Jamari,Preston
777d3d13-f5c8-45c1-9bc9-3ca2b1cc3fa8,Johnny,Bowen
072ab27e-459f-4d47-8a75-6514f2705160,Wilson,Newton
30f64218-5d68-4072-985f-9bc18f5963f0,Riley,Chaney
33acb4e9-515b-4890-b691-e9b2902ebe9b,Easton,Macdonald
32f4e8cc-1a10-488e-9b1b-2255836c8139,Sincere,Dyer
a0bd2423-b8f4-40aa-ad4a-c91bcf060329,Haley,Bentley
f5f2bb9a-476e-4740-8d6e-596369a02c22,Sarah,Haynes
f9cf4591-4707-4250-8889-4e2610462cbe,Jordin,Jarvis
e54c55ba-0e33-4cd4-adc1-040dc265cb3a,Kayley,Fry
d395da34-3361-4a25-9b4c-ccd8885b953e,Eden,Abbott
2d79962c-fdf4-433e-871a-efa2c1952f38,Barbara,Faulkner
92d5aefa-330f-457a-9ecc-9a9a050fafef,Jayson,Boyer
b7624227-d2e8-4013-9f76-e8a6d41ec61f,Andres,Webb
6ea37a35-c7fa-4fcf-96f7-895863dc3782,Sophie,Hamilton
fa986fc8-8ff0-44ed-9a11-58b3ca03d270,Stella,Armstrong
3fa362b7-cd49-4563-b046-393ee65a1ae6,Uriah,Fletcher
a777733a-b300-48f0-a6d3-362361ecceb7,Ricky,Massey
bbc665b1-9721-4602-81f1-f9453cd5c280,Keagan,Henry
df362c83-98af-4c35-8ff8-b59e524bdb17,Jazmin,Duarte
27be4358-0109-4a03-94c0-4ab13f6efb71,Andy,Cross
188c552f-1b81-4fc6-890f-7b229aa25839,Savion,Andrade
5d6da6c2-4a29-4d96-96d0-9990b90e4cc8,Aron,Ramsey
8927ef80-de04-4390-8593-39b4767dba31,Sloane,Collins
7ce984d6-b852-4920-a43e-34e20e3261ca,Jagger,Hodges
6dd04cab-2efb-4f8e-b006-9d2e8b125188,Trinity,Hancock
efc2d2bd-0e93-46a4-a4bd-5dce260c8e07,Talon,Vang
926611ab-1b30-401c-a879-b147b8695505,Dallas,Simmons
da60e182-3194-4e22-8263-f3caeae35810,Santino,Terry
86ec7b84-a73c-41b1-b104-ad785b564ffd,Autumn,Haynes
819ae033-0fce-4a89-8d63-e76e5527a12a,Sarahi,Clark
55c5ba3a-fb0c-422d-a42f-6da5fd84381b,Ingrid,Berry
95044e2f-5776-4fcb-bdb0-85d205a30120,Lauren,Clay
db94ce65-58c8-495b-8751-cea382bb9f60,Sloane,Lambert
0ef06fd9-53dd-43b7-b451-ed97deedd4c1,Travis,Summers
9cf144a6-1e89-40c1-8780-335b1233b47e,George,Collier
56f63eee-6fb4-47be-bfb5-090b67797e20,Mario,Mcneil
51c75d22-682e-464a-9081-0b1bf5697779,Braiden,Jacobs
6d7961d1-79e6-47d9-88d6-11f0cbe714c2,Janae,Murphy
7e88b50d-3cfc-4d20-b9a3-5f1757d9e3c0,Eden,Butler
fca35156-9c89-4ece-b556-979ac9edef38,Khalil,Meyers
f7f3c97b-fd58-481e-b9c8-9dceb5541246,Efrain,Santana
d98b4d6d-dd9d-4ad8-bba0-195937ea907e,Damaris,Giles
040c837e-eb9b-4d2b-b5c4-4311a2e2f105,Yandel,Clark
c146193a-f200-4aaf-ad9d-3784a330dd07,Cedric,Frazier
7a6a1775-4591-43d4-8da0-4c81f3010ddc,Felipe,Meyer
389a4288-1939-4ab0-ae74-171820b6ab86,Krista,Choi
160e1131-9520-41d7-89ff-6ee64f10de10,Kyson,Cruz
e8ede6ab-2ed2-4ef3-861b-e0ab6809f83d,Darion,Durham
fb953c46-75f3-419d-ad5d-902f7b992f7e,James,Delgado
d8bb435d-132b-48cf-a8a1-04f7ee66c5a4,Konner,Mayer
cd22ad6c-035d-4743-b510-c80fde7ce28f,Jase,Moss
92dba9ab-c164-488e-bd39-866221396c0b,Brooklynn,Sandoval
3ae8fb34-6449-4353-9ce6-2c2fddc24d60,Ashton,Brown
400dd693-32f6-40c0-9afd-ffd8c4f5460f,Luz,Riley
29cb12b8-5c89-44d3-a195-dce18f8ae64c,Jazmin,Velazquez
3116eb4a-50ab-42d1-b87a-b7d0b20ce8f7,Skye,Barnes
6d8388d0-80d8-40af-ba67-9c155ca3bb1a,Esmeralda,Curry
c684da9b-04fb-4aeb-b1b7-35860aaeb2ad,Sloane,Logan
7a7a8b56-64b1-4e1f-a6b1-587167781e76,Moses,Patrick
2128540a-5cc7-4c05-8d5c-fb31a97e5f51,Jovan,George
aaec3372-c3ce-4181-a880-37d02aa755b1,Efrain,Hubbard
ef36f6ad-0979-4357-82e7-67ccd35fbb2c,Sheldon,Rios
5c048d49-2253-4d65-beaf-6fa4fc350c95,Brennen,Hood
1bd9784d-82b8-4029-93b7-be6e312dbf93,Giselle,Ramsey
5530f4ad-aac3-4193-9c13-39dd55a24407,Lina,Mathews
b666076b-9e0e-492a-b735-84d5ef7f1826,Avery,Kidd
b65c0eb2-1fea-4ae4-87f0-2270070d7d3d,Irvin,Williams
0f39754b-090e-41dd-9c6b-58423da5f288,Raina,Hendricks
b9febb9a-6510-4605-aa66-ad5a4c04db08,Callum,Kelly
f90af10e-fe52-42fa-a645-3b7219c644c6,Chris,Andrade
40334b33-775b-4fde-8cc4-e055bb36163d,Fisher,Daniel
1e387b60-b1f6-4a38-b29d-8210183e02d0,Felix,Vasquez
d49f2e2b-4e3c-49d5-b200-be7925faff42,Kenyon,Knight
6a25206b-bd44-4799-b9c3-7c8f15e26b8f,Deborah,Powell
10d36b7f-0894-4f14-9549-42504707daee,Lawrence,Park
bb779fc2-36c3-41e6-bb3f-5e625877ad13,Julian,Valencia
147c5f68-0aff-43bd-9f59-e3fc946c7173,Dayami,Koch
565ae23e-d498-46c4-ab25-eee87af73877,Hazel,Delgado
45bc4dd6-2ec8-49ae-80d2-903a20a3249a,Ibrahim,Oconnell
15c4bfeb-f4aa-4582-adb8-ea97f81d89b8,Deborah,Watson
eebea705-3a73-4368-9d1e-21c96aa09de3,Laila,Reid
b12f0f36-ccb7-488a-9643-65f8a48d09a8,Quinten,Joseph
fec9e3f3-a3ed-4843-b7a7-e1e4415d1ea8,Christine,Barr
aa55f7fa-61a6-4b6b-8569-fccdbf1a38e8,Marilyn,Downs
60e5381f-4f69-443b-b3ff-2aa725c6c364,Raegan,Dean
326a6a78-6fb7-4f31-a28f-e435841b08f2,Grayson,Watts
f97b82dc-0ae7-4f56-ad20-693c4302ca63,Derrick,Wu
a7b88776-d879-4c13-9bc2-b67b2d748d17,Esther,Dawson
0afdd13d-7d07-446b-b641-3832ad419edb,Damaris,Hull
8a8bd78e-8391-46d0-9b10-5df7d4b8c09c,Armani,Mcclain
6e2236f0-1e3a-4508-a38c-d60c2fb1102e,Naomi,Curry
ea172a6a-cacd-4929-9f4a-7ae07fd976bb,Walter,Becker
61b71596-eeb3-47c4-9438-aceb7bb62a2f,Rodolfo,Henry
2f4f586a-47ad-4839-88b3-1e2c4cd2253a,Natalee,Lindsey
fd4c5c77-9cdf-430d-98b2-fb1b4d476e28,Nathalia,Weiss
f051c0f2-cdbe-4c29-8301-864e8b97db53,Hayden,York
00f68a2b-eb7e-422c-a7c5-e1ba448ae0f7,Reed,Mccarthy
5d9b4592-91f4-45b5-9021-8e8750289b46,Zachary,Bass
94c3d325-f925-43d2-8d3b-b299711b93d0,Gaven,Cobb
eba932c9-577e-48bc-95c2-c9e90e665589,Raegan,Hines
9d3a5a72-01a2-4558-8bca-c41ad2f75273,Brennen,Mathews
850a34e4-bf80-4555-abdb-ae61c6ae8b88,Mira,Anderson
343ccb44-a058-4f4c-ad68-8fb67ce4f018,Katelynn,Hahn
59cb50fb-4d7e-4f52-acf6-a5470cd1ea29,Adison,Vazquez
4137b944-cc66-4632-8eea-138a8626433a,Soren,Benson
9725d59e-b707-42ad-8b5c-a9fe509af499,Helena,Melendez
2432ee5d-97c2-4ab7-bcde-2e02e8cc1e2a,Cedric,Hoover
d58566cf-4dd1-47fb-9850-42f7e81fa2e2,Grant,Hays
688a5fdd-4d28-43b1-b840-b9a28e2bea79,Kimora,David
1e5fd0da-b243-40a9-8f7a-62f2850433fe,Ayanna,Hunter
93c53b3a-64cf-4538-a8c1-4c495d49f6f0,Xander,Mccoy
8b3e985f-4bc6-47bb-accf-a0dd866e32f0,Davis,Wong
d5a5a677-15a7-43f9-9c13-06aee3090291,Arabella,Mccormick
24c28997-b7b6-4044-9f6c-3791d6a85554,Caiden,Wiley
0f2fc7fe-f015-415b-8f49-1c3000372cd3,Dereon,Fields
